totals,name
8,Yeezy Crepe Boot Season 4 Oil
23,Yeezy Military Crepe Boot Season 2 Taupe
25,Yeezy Military Boot Rock
13,adidas Yeezy Boost 950 Chocolate
21,adidas Yeezy Boost 950 Moonrock
23,adidas Yeezy Boost 950 Pirate Black
372,adidas Yeezy Boost 350 Turtledove
95,adidas Yeezy Boost 750 OG Light Brown
574,adidas Yeezy Boost 350 Oxford Tan
438,adidas Yeezy Boost 750 Triple Black
693,adidas Yeezy Boost 350 Moonrock
368,adidas Yeezy Boost 350 Pirate Black (2015)
897,adidas Yeezy Boost 750 Light Grey Glow In The Dark
2835,adidas Yeezy Boost 350 V2 Core Black Green
945,adidas Yeezy Boost 350 Pirate Black (2016)
2,Yeezy Combat Boot Season 4 Sand
19,adidas Yeezy Boost 950 Peyote
14,Yeezy Combat Boot Season 4 Oil
2,Yeezy Crepe Boot Season 4 Taupe
3,Yeezy Military Boot Onyx Shade
2,Yeezy Military Boot Onyx
6,Yeezy Military Boot Burnt Sienna
1413,adidas Yeezy Boost 750 Light Brown Gum (Chocolate)
2,Yeezy Military Crepe Boot Oil
2036,adidas Yeezy Boost 350 V2 Core Black Copper
5593,adidas Yeezy Boost 350 V2 Core Black White
2242,adidas Yeezy Boost 350 V2 Core Black Red
3236,adidas Yeezy Boost 350 V2 Beluga
8175,adidas Yeezy Powerphase Calabasas Core White
15692,adidas Yeezy Boost 350 V2 Cream White
5693,adidas Yeezy Boost 350 V2 Black Red
